Date,"Previous Date",Keyword,Labels,Position,"Position Change",URL,"Prev. Position","Citation Rank","Top AIO Source","Set Target URL","Target URL Status","Best Position",Page,"Page Change","SERP Features","AI Brand Mentions",Citations,"Search Intent","Previous Search Intent","Keyword Difficulty","Search Volume","Search Volume YoY change",Impressions,Clicks
2026-06-15,2026-06-08,brandwide,Branded,1,0,https://meetbrandwide.com/,1,-,-,-,"not set",1,1,0,"Organic,Single image thumbnails,Reviews,Knowledge panel,Sitelinks,Images,Videos",,,Commercial,Commercial,39,70,-22%,154,46
2026-06-15,2026-06-08,"franchise management system","Close Variants",1,7,https://meetbrandwide.com/,8,3,https://meetbrandwide.com/,-,"not set",1,1,0,"Organic,AI Overviews,Reviews,People also ask,Images,Videos",,https://meetbrandwide.com/,"Commercial,Informational",Commercial,29,50,-64%,887,2
2026-06-15,2026-06-08,"franchisee management software","Close Variants",1,15,https://meetbrandwide.com/,16,2,https://meetbrandwide.com/,-,"not set",1,1,1,"Organic,Discussions & Forums,AI Overviews,Reviews,People also ask,Videos",https://meetbrandwide.com/,https://meetbrandwide.com/,Commercial,Commercial,30,10,0%,192,0
2026-06-15,2026-06-08,"software for franchise management",-,1,10,https://meetbrandwide.com/,11,2,https://meetbrandwide.com/,-,"not set",1,1,0,"Organic,AI Overviews,Reviews,People also ask,Videos",https://meetbrandwide.com/,https://meetbrandwide.com/,Commercial,Commercial,27,260,-56%,446,0
2026-06-15,2026-06-08,"franchise management app",-,1,1,https://meetbrandwide.com/,2,-,-,-,"not set",1,1,0,"Organic,Discussions & Forums,AI Overviews,Reviews,Videos",,,Commercial,Commercial,29,10,0%,268,0
2026-06-15,2026-06-08,"franchisee management system",-,1,16,https://meetbrandwide.com/,17,3,https://meetbrandwide.com/,-,"not set",1,1,1,"Organic,Discussions & Forums,AI Overviews,Reviews,People also ask,Videos",,https://meetbrandwide.com/,"Informational,Commercial",Commercial,28,10,0%,245,0
2026-06-15,2026-06-08,"franchise management systems","Close Variants",1,2,https://meetbrandwide.com/,3,3,https://meetbrandwide.com/,-,"not set",1,1,0,"Organic,AI Overviews,Reviews,People also ask,Videos",,https://meetbrandwide.com/,"Commercial,Informational",Commercial,28,50,-64%,156,0
2026-06-15,2026-06-08,"franchisor software",-,2,0,https://meetbrandwide.com/,2,-,-,-,"not set",2,1,0,"Organic,Reviews,People also ask,Videos",,,Commercial,Commercial,28,10,0%,199,0
2026-06-15,2026-06-08,"franchise management software","Close Variants",2,0,https://meetbrandwide.com/,2,-,-,-,"not set",1,1,0,"Organic,Discussions & Forums,Reviews,People also ask,Videos",,,Commercial,Commercial,38,260,-56%,1648,6
2026-06-15,2026-06-08,"franchisor management software","Close Variants",3,-1,https://meetbrandwide.com/,2,-,-,-,"not set",2,1,0,"Organic,Reviews,People also ask,Videos",,,Commercial,Commercial,29,260,-56%,194,0
2026-06-15,2026-06-08,"franchise management solutions","Close Variants",3,3,https://meetbrandwide.com/,6,-,-,-,"not set",1,1,0,"Organic,Discussions & Forums,AI Overviews,Reviews,People also ask,Videos",,,Commercial,Commercial,32,10,0%,116,0
2026-06-15,2026-06-08,"franchising software","Close Variants",4,-1,https://meetbrandwide.com/,3,-,-,-,"not set",1,1,0,"Organic,AI Overviews,Reviews,People also ask,Videos",,,Commercial,Commercial,32,140,-71%,251,0
2026-06-15,2026-06-08,"franchise lead management software","Close Variants",4,-1,https://meetbrandwide.com/,3,-,-,-,"not set",1,1,0,"Organic,AI Overviews,Reviews,Videos",,,Commercial,Commercial,27,10,-86%,75,0
2026-06-15,2026-06-08,"franchise royalty management",-,4,-1,https://meetbrandwide.com/franchise-royalty-management/,3,-,-,-,"not set",1,1,0,"Organic,AI Overviews,Reviews,People also ask,Videos",,,Commercial,"Commercial,Informational",26,10,0%,134,0
2026-06-15,2026-06-08,"franchise management company","Close Variants",5,-1,https://meetbrandwide.com/blog/what-is-franchise-management/,4,-,-,-,"not set",3,1,0,"Organic,AI Overviews,Reviews,People also ask,Videos",,,"Informational,Navigational","Informational,Navigational",30,30,-25%,50,0
2026-06-15,2026-06-08,"franchise software systems",-,6,0,https://meetbrandwide.com/,6,-,-,-,"not set",1,1,0,"Organic,Discussions & Forums,AI Overviews,Reviews,People also ask,Videos",,,Commercial,Commercial,29,10,-50%,494,0
2026-06-15,2026-06-08,"best franchise management software",-,6,1,https://meetbrandwide.com/,7,-,-,-,"not set",1,1,0,"Organic,Discussions & Forums,AI Overviews,Reviews,People also ask,Videos",,,Commercial,Commercial,38,20,0%,485,0
2026-06-15,2026-06-08,"franchise solution",-,7,0,https://meetbrandwide.com/blog/franchise-solutions-can-take-five-steps-for-the-further-betterment/,7,-,-,-,"not set",1,1,0,"Organic,Reviews,People also ask,Videos",,,Navigational,Navigational,28,50,-29%,180,0
2026-06-15,2026-06-08,"franchise soft",-,7,0,https://meetbrandwide.com/,7,-,-,-,"not set",6,1,0,"Organic,Reviews,Knowledge panel,People also ask,Sitelinks,Images,Videos",,,Navigational,Navigational,32,110,0%,63,0
2026-06-15,2026-06-08,"franchise operations software",-,10,0,https://meetbrandwide.com/,10,-,-,-,"not set",1,1,0,"Organic,AI Overviews,Reviews,People also ask,Videos",,,Commercial,Commercial,26,10,0%,667,0
2026-06-15,2026-06-08,"franchise crm","Close Variants",11,41,https://meetbrandwide.com/,52,-,-,-,"not set",1,1,5,"Organic,AI Overviews,Reviews,Videos",,,"Commercial,Informational","Commercial,Informational",27,110,-66%,628,0
2026-06-15,2026-06-08,"restaurant franchise management software",-,12,-3,https://meetbrandwide.com/blog/best-franchise-management-software/,9,-,-,-,"not set",3,2,-1,"Organic,AI Overviews,Reviews,Videos",,,Commercial,Commercial,33,10,0%,733,0
2026-06-15,2026-06-08,"franchise business intelligence software",-,12,28,https://meetbrandwide.com/blog/the-ultimate-guide-to-why-your-franchisee-business-needs-a-franchise-analytics-software/,40,-,-,-,"not set",5,2,2,"Organic,AI Overviews,Reviews,Videos",,,Commercial,Commercial,29,10,-,90,0
2026-06-15,2026-06-08,"franchise marketing software",-,13,6,https://meetbrandwide.com/,19,-,-,-,"not set",3,2,0,"Organic,AI Overviews,Reviews,Videos",,,Commercial,Commercial,28,90,-72%,654,0
2026-06-15,2026-06-08,"what is franchise management",-,13,-12,https://meetbrandwide.com/blog/what-is-franchise-management/,1,-,-,-,"not set",1,2,-1,"Organic,AI Overviews,Reviews,People also ask,Videos",,,Informational,"Commercial,Informational",25,10,0%,27,0
2026-06-15,2026-06-08,"franchise software","Close Variants",14,-6,https://meetbrandwide.com/,8,-,-,-,"not set",1,2,-1,"Organic,AI Overviews,Reviews,People also ask,Images,Videos",,,Commercial,Commercial,34,140,-71%,1462,2
2026-06-15,2026-06-08,"franchise onboarding process",-,14,-3,https://meetbrandwide.com/franchise-onboarding-system/,11,-,-,-,"not set",10,2,0,"Organic,AI Overviews,Reviews,People also ask,Images,Videos",,,Informational,Commercial,27,20,-82%,81,0
2026-06-15,2026-06-08,"franchise management solution","Close Variants",14,-10,https://meetbrandwide.com/,4,-,-,-,"not set",1,2,-1,"Organic,AI Overviews,Reviews,Videos",,,Commercial,Commercial,30,10,0%,285,0
2026-06-15,2026-06-08,"crm franchise","Close Variants",15,-1,https://meetbrandwide.com/,14,-,-,-,"not set",1,2,0,"Organic,AI Overviews,Reviews,People also ask,Videos",,,"Commercial,Informational","Commercial,Informational",24,110,-66%,210,0
2026-06-15,2026-06-08,"franchise management companies","Close Variants",15,"+ 15",https://meetbrandwide.com/blog/best-franchise-management-solution-provider-in-usa/,,-,-,-,"not set",8,2,"+ 2","Organic,AI Overviews,Reviews,People also ask,Videos,Local pack",,,Commercial,Commercial,28,30,-25%,19,0
2026-06-15,2026-06-08,"franchise reporting software",-,15,2,https://meetbrandwide.com/blog/category/franchise-reporting-software/,17,-,-,-,"not set",10,2,0,"Organic,AI Overviews,Reviews,People also ask,Videos",,,Commercial,Commercial,28,10,-91%,370,0
2026-06-15,2026-06-08,"franchise sales crm",-,16,1,https://meetbrandwide.com/,17,-,-,-,"not set",5,2,0,"Organic,Videos",,,Navigational,Navigational,22,20,-71%,181,0
2026-06-15,2026-06-08,"franchise crm software",-,17,-4,https://meetbrandwide.com/,13,-,-,-,"not set",1,2,0,"Organic,Discussions & Forums,AI Overviews,Reviews,Videos",,,Commercial,Commercial,25,50,-71%,576,0
2026-06-15,2026-06-08,"franchise management services",-,17,-3,https://meetbrandwide.com/blog/what-is-franchise-management/,14,-,-,-,"not set",11,2,0,"Organic,Reviews,Knowledge panel,People also ask,Videos",,,Commercial,Commercial,30,170,-19%,149,0
2026-06-15,2026-06-08,"franchise royalty collection",-,17,-5,https://meetbrandwide.com/blog/how-franchise-directors-can-streamline-revenue-with-royalty-management-software/,12,-,-,-,"not set",8,2,0,"Organic,AI Overviews,Reviews,People also ask,Videos",,,"Commercial,Informational",Commercial,24,10,0%,31,0
2026-06-15,2026-06-08,"management of franchise","Close Variants",18,-8,https://meetbrandwide.com/blog/what-is-franchise-management/,10,-,-,-,"not set",1,2,-1,"Organic,AI Overviews,Reviews,People also ask,Videos",,,"Informational,Commercial","Informational,Commercial",21,170,-47%,23,0
2026-06-15,2026-06-08,"software franchise","Close Variants",19,0,https://meetbrandwide.com/blog/how-franchise-software-can-help-you-in-franchise-development/,19,-,-,-,"not set",1,2,0,"Organic,AI Overviews,Reviews,People also ask,Videos",,,Commercial,Commercial,30,140,-71%,102,0
2026-06-15,2026-06-08,"tools for franchises",-,19,-1,https://meetbrandwide.com/blog/5-tools-every-franchise-software-needs/,18,-,-,-,"not set",5,2,0,"Organic,Discussions & Forums,AI Overviews,Reviews,People also ask,Videos",,,Commercial,Commercial,26,-,-,195,0
2026-06-15,2026-06-08,"managing franchisees","Close Variants",21,-5,https://meetbrandwide.com/blog/what-is-franchise-management/,16,-,-,-,"not set",1,2,0,"Organic,AI Overviews,People also ask,Images,Videos",,,Informational,Informational,19,170,-47%,22,0
2026-06-15,2026-06-08,"franchise development software",-,21,-1,https://meetbrandwide.com/,20,-,-,-,"not set",4,2,0,"Organic,Discussions & Forums,AI Overviews,Reviews,People also ask,Videos",,,Commercial,Commercial,25,10,0%,160,0
2026-06-15,2026-06-08,"franchise business software","Close Variants",21,2,https://meetbrandwide.com/,23,-,-,-,"not set",1,2,1,"Organic,AI Overviews,Reviews,People also ask,Videos",,,Commercial,Commercial,27,10,-,289,0
2026-06-15,2026-06-08,"soffront corporation",-,21,0,https://meetbrandwide.com/about/,21,-,-,-,"not set",11,3,0,"Organic,Reviews,Knowledge panel,Sitelinks,Videos",,,Navigational,Navigational,42,10,-50%,23,0
2026-06-15,2026-06-08,"franchise platform",-,22,"+ 22",https://meetbrandwide.com/,,-,-,-,"not set",1,3,"+ 3","Organic,AI Overviews,Reviews,People also ask,Images,Videos",,,Commercial,Commercial,29,10,0%,164,0
2026-06-15,2026-06-08,"crm for franchises","Close Variants",22,-1,https://meetbrandwide.com/,21,-,-,-,"not set",1,2,0,"Organic,AI Overviews,Reviews,People also ask,Videos",,,"Commercial,Informational","Commercial,Informational",27,110,-66%,283,0
2026-06-15,2026-06-08,"franchise management","Close Variants",22,-16,https://meetbrandwide.com/blog/what-is-franchise-management/,6,-,-,-,"not set",1,3,-2,"Organic,AI Overviews,People also ask,Videos",,,Navigational,Navigational,33,170,-47%,693,0
2026-06-15,2026-06-08,"homecare franchise management software",-,23,0,https://meetbrandwide.com/,23,-,-,-,"not set",15,3,0,"Organic,AI Overviews,Reviews,People also ask,Videos",,,Commercial,Commercial,20,10,0%,62,0
2026-06-15,2026-06-08,"franchise review management",-,25,"+ 25",https://meetbrandwide.com/blog/how-to-improve-brand-reputation-using-franchise-management-system/,,-,-,-,"not set",21,3,"+ 3","Organic,AI Overviews,Reviews,Videos",,,Commercial,Commercial,24,70,-50%,168,0
2026-06-15,2026-06-08,"soffront crm",-,26,-1,https://meetbrandwide.com/franchisee-customer-management/,25,-,-,-,"not set",21,3,0,"Organic,Reviews,Sitelinks,Videos",,,Navigational,Navigational,41,20,0%,34,0
2026-06-15,2026-06-08,"franchise marketing automation",-,27,-3,https://meetbrandwide.com/franchise-marketing-automation/,24,-,-,-,"not set",3,3,0,"Organic,AI Overviews,Reviews,Videos",,,"Informational,Commercial",Informational,22,10,0%,93,0
2026-06-15,2026-06-08,"franchise intranet software","Close Variants",27,-3,https://meetbrandwide.com/,24,-,-,-,"not set",5,3,0,"Organic,AI Overviews,Reviews,Videos",,,Commercial,Commercial,28,10,-,54,0
2026-06-15,2026-06-08,"franchise training software",-,28,3,https://meetbrandwide.com/,31,-,-,-,"not set",16,3,1,"Organic,AI Overviews,Reviews,Videos",,,Commercial,Commercial,25,10,-50%,288,0
2026-06-15,2026-06-08,"royalties management software","Close Variants",29,0,https://meetbrandwide.com/franchise-royalty-management/,29,-,-,-,"not set",25,3,0,"Organic,AI Overviews,Reviews,Videos",,,Commercial,Commercial,24,140,0%,97,0
2026-06-15,2026-06-08,"franchise manager",-,30,-7,https://meetbrandwide.com/blog/what-is-franchise-management/,23,-,-,-,"not set",14,3,0,"Organic,AI Overviews,Reviews,Jobs,People also ask,Images,Videos",,,"Commercial,Transactional",Informational,26,90,-18%,103,0
2026-06-15,2026-06-08,"franchise website platform",-,30,-1,https://meetbrandwide.com/,29,-,-,-,"not set",1,3,0,"Organic,AI Overviews,Reviews,People also ask,Videos",,,Commercial,Commercial,25,20,-88%,114,0
2026-06-15,2026-06-08,soffront,-,31,-3,https://meetbrandwide.com/franchisee-customer-management/,28,-,-,-,"not set",23,4,-1,"Organic,Reviews,Knowledge panel,Sitelinks,Videos",,,Navigational,Navigational,40,90,-18%,34,0
2026-06-15,2026-06-08,"svs franchise management","Close Variants",31,1,https://meetbrandwide.com/,32,-,-,-,"not set",27,3,1,"Organic,Reviews,People also ask,Videos",,,Informational,Informational,26,10,0%,,
2026-06-15,2026-06-08,"franchise communication",-,34,-1,https://meetbrandwide.com/franchisee-communication-collaboration/,33,-,-,-,"not set",21,4,0,"Organic,AI Overviews,Reviews,People also ask,Videos",,,"Commercial,Informational",Commercial,26,10,0%,3,0
2026-06-15,2026-06-08,"best window cleaning software",-,35,-8,https://meetbrandwide.com/blog/what-is-the-best-windows-cleaning-software-for-cleaning-business/,27,-,-,-,"not set",25,4,-1,"Organic,AI Overviews,Reviews,Videos",,,Commercial,Commercial,28,10,0%,45,0
2026-06-15,2026-06-08,"royalty management software","Close Variants",36,-4,https://meetbrandwide.com/franchise-royalty-management/,32,-,-,-,"not set",21,4,0,"Organic,AI Overviews,Reviews,Videos",,,Commercial,Commercial,31,140,0%,55,0
2026-06-15,2026-06-08,"brand software",-,36,"+ 36",https://meetbrandwide.com/,,-,-,-,"not set",31,4,"+ 4","Organic,AI Overviews,Reviews,People also ask,Images,Videos",,,Commercial,Commercial,38,110,-72%,18,0
2026-06-15,2026-06-08,"franchise analytics",-,37,-8,https://meetbrandwide.com/franchise-analytics/,29,-,-,-,"not set",20,4,-1,"Organic,AI Overviews,Reviews,People also ask,Videos",,,"Informational,Commercial","Informational,Commercial",33,20,100%,135,0
2026-06-15,2026-06-08,"commercial cleaning business software",-,40,"+ 40",https://meetbrandwide.com/cleaning-business-software/,,-,-,-,"not set",27,4,"+ 4","Organic,AI Overviews,Products,Reviews,People also ask,Videos",,,Commercial,Commercial,29,40,-76%,,
2026-06-15,2026-06-08,"window cleaning business apps",-,41,-14,https://meetbrandwide.com/blog/what-is-the-best-windows-cleaning-software-for-cleaning-business/,27,-,-,-,"not set",17,4,-1,"Organic,Discussions & Forums,AI Overviews,Reviews,People also ask,Videos",,,Commercial,Commercial,31,10,0%,22,0
2026-06-15,2026-06-08,"email marketing for franchises",-,42,-1,https://meetbrandwide.com/franchise-marketing-automation/,41,-,-,-,"not set",31,5,0,"Organic,AI Overviews,Reviews,Videos",,,"Commercial,Informational","Commercial,Informational",29,110,-58%,26,0
2026-06-15,2026-06-08,"window cleaning business software",-,44,-22,https://meetbrandwide.com/blog/what-is-the-best-windows-cleaning-software-for-cleaning-business/,22,-,-,-,"not set",12,5,-2,"Organic,Discussions & Forums,AI Overviews,Reviews,Videos",,,Commercial,Commercial,26,30,0%,50,0
2026-06-15,2026-06-08,"window cleaning management software",-,48,-19,https://meetbrandwide.com/blog/what-is-the-best-windows-cleaning-software-for-cleaning-business/,29,-,-,-,"not set",18,5,-2,"Organic,Discussions & Forums,AI Overviews,Reviews,People also ask,Videos",,,Commercial,Commercial,21,10,0%,64,0
2026-06-15,2026-06-08,"commercial cleaning software",-,48,"+ 48",https://meetbrandwide.com/cleaning-business-software/,,-,-,-,"not set",34,5,"+ 5","Organic,Discussions & Forums,AI Overviews,Reviews,People also ask,Videos",,,Commercial,Commercial,29,90,-77%,,
2026-06-15,2026-06-08,"brand management software",-,51,"+ 51",https://meetbrandwide.com/,,-,-,-,"not set",51,5,"+ 5","Organic,AI Overviews,Reviews,Videos",,,Commercial,Commercial,39,320,-64%,143,0
2026-06-15,2026-06-08,"window washing software",-,52,-5,https://meetbrandwide.com/blog/what-is-the-best-windows-cleaning-software-for-cleaning-business/,47,-,-,-,"not set",23,6,-1,"Organic,Discussions & Forums,AI Overviews,Reviews,Videos",,,Commercial,Commercial,22,20,-33%,19,0
2026-06-15,2026-06-08,"house cleaning business software","Close Variants",53,"+ 53",https://meetbrandwide.com/cleaning-business-software/,,-,-,-,"not set",50,6,"+ 6","Organic,Filter by sidebar,AI Overviews,Products,Reviews,Videos",,,Commercial,Commercial,32,90,-81%,,
2026-06-15,2026-06-08,"window cleaning software",-,56,-28,https://meetbrandwide.com/blog/what-is-the-best-windows-cleaning-software-for-cleaning-business/,28,-,-,-,"not set",17,6,-3,"Organic,Discussions & Forums,AI Overviews,Reviews,Videos",,,Commercial,Commercial,30,70,-73%,339,0
2026-06-15,2026-06-08,"pet grooming business software",-,59,5,https://meetbrandwide.com/pet-services-software/,64,-,-,-,"not set",20,6,1,"Organic,Filter by sidebar,Discussions & Forums,Products,Reviews,People also ask,Videos",,,Commercial,Commercial,25,20,0%,,
2026-06-15,2026-06-08,"grooming business software",-,61,"+ 61",https://meetbrandwide.com/pet-services-software/,,-,-,-,"not set",61,6,"+ 6","Organic,Filter by sidebar,Discussions & Forums,AI Overviews,Products,Reviews,Videos",,,Commercial,Commercial,27,20,-60%,,
2026-06-15,2026-06-08,"dog grooming business software",-,63,-2,https://meetbrandwide.com/pet-services-software/,61,-,-,-,"not set",49,7,0,"Organic,Discussions & Forums,Reviews,Videos",,,Commercial,Commercial,24,30,-73%,,
2026-06-15,2026-06-08,"franchise reporting system",-,68,-41,https://meetbrandwide.com/online-store/,27,-,-,-,"not set",15,7,-4,"Organic,Reviews,People also ask,Sitelinks,Videos",,,"Navigational,Transactional",Commercial,31,70,-59%,39,0
2026-06-15,2026-06-08,"franchise lms",-,70,-39,https://meetbrandwide.com/,31,-,-,-,"not set",11,7,-3,"Organic,AI Overviews,Reviews,Videos",,,Commercial,Commercial,27,30,-73%,68,0
2026-06-15,2026-06-08,"management franchise","Close Variants",76,-56,https://meetbrandwide.com/what-is-franchise-management-software/,20,-,-,-,"not set",1,8,-6,"Organic,AI Overviews,Reviews,People also ask,Videos",,,Informational,"Commercial,Informational",34,170,-47%,70,0
2026-06-15,2026-06-08,"social intranet franchise",-,90,-2,https://meetbrandwide.com/franchise-software/,88,-,-,-,"not set",36,9,0,"Organic,AI Overviews,Reviews,People also ask,Videos",,,"Commercial,Informational",Commercial,27,-,-,4,0
2026-06-15,2026-06-08,"my field audits",-,,0,-,,-,-,-,"not set",10,,0,"Organic,Reviews,Knowledge panel,People also ask,Sitelinks,Images",,,Navigational,Navigational,33,140,27%,,
2026-06-15,2026-06-08,"b2b franchise","Close Variants",,0,-,,-,-,-,"not set",,,0,"Organic,AI Overviews,Reviews,People also ask,Images,Videos",,,"Informational,Commercial","Informational,Commercial",32,90,-36%,6,0
2026-06-15,2026-06-08,"window cleaner software",-,,"X 53",-,53,-,-,-,"not set",23,,"X 6","Organic,Reviews,People also ask,Videos",,,Commercial,Commercial,33,20,100%,5,0
2026-06-15,2026-06-08,"window cleaning crm",-,,0,-,,-,-,-,"not set",17,,0,"Organic,Reviews,Videos",,,"Commercial,Informational",Commercial,32,70,40%,11,0
2026-06-15,2026-06-08,"carpet cleaning dispatch software",-,,0,-,,-,-,-,"not set",35,,0,"Organic,Discussions & Forums,AI Overviews,Reviews,People also ask,Videos",,,Commercial,Commercial,22,10,0%,2,0
2026-06-15,2026-06-08,"carpet cleaning franchise","Close Variants",,0,-,,-,-,-,"not set",39,,0,"Organic,AI Overviews,Reviews,People also ask,Videos",,,"Informational,Commercial","Commercial,Transactional",35,210,-19%,22,0
2026-06-15,2026-06-08,"franchise leads generation",-,,0,-,,-,-,-,"not set",16,,0,"Organic,AI Overviews,People also ask,Videos",,,Commercial,Commercial,21,10,0%,,
2026-06-15,2026-06-08,"carpet cleaning marketing software","Close Variants",,0,-,,-,-,-,"not set",24,,0,"Organic,Reviews,Videos",,,Commercial,Commercial,24,10,-86%,,
2026-06-15,2026-06-08,"carpet cleaner franchise","Close Variants",,0,-,,-,-,-,"not set",30,,0,"Organic,AI Overviews,Reviews,People also ask,Videos,Local pack",,,"Commercial,Transactional","Commercial,Informational",26,210,-19%,3,0
2026-06-15,2026-06-08,"carpet cleaning business opportunity",-,,0,-,,-,-,-,"not set",30,,0,"Organic,AI Overviews,Reviews,People also ask,Videos",,,"Commercial,Informational",Commercial,31,10,0%,7,0
2026-06-15,2026-06-08,"carpet cleaning accounting software",-,,0,-,,-,-,-,"not set",36,,0,"Organic,AI Overviews,Reviews,People also ask,Videos",,,Commercial,Commercial,23,10,0%,,
2026-06-15,2026-06-08,"dog grooming client database",-,,0,-,,-,-,-,"not set",16,,0,"Organic,AI Overviews,Reviews,Videos",,,Commercial,Commercial,21,10,0%,,
2026-06-15,2026-06-08,"logistics franchises",-,,0,-,,-,-,-,"not set",41,,0,"Organic,AI Overviews,Reviews,Videos",,,"Informational,Commercial","Commercial,Informational",26,90,29%,,
2026-06-15,2026-06-08,"location monitoring for franchises",-,,0,-,,-,-,-,"not set",29,,0,"Organic,AI Overviews,Reviews,People also ask,Videos",,,Commercial,Commercial,26,10,0%,,
2026-06-15,2026-06-08,"franchise leads",-,,0,-,,-,-,-,"not set",47,,0,"Organic,AI Overviews,People also ask,Videos",,,Informational,"Commercial,Informational",28,20,0%,1,0
2026-06-15,2026-06-08,"field audit software",-,,0,-,,-,-,-,"not set",13,,0,"Organic,Reviews,People also ask,Videos",,,Commercial,Commercial,25,10,0%,,
2026-06-15,2026-06-08,"smart carpet cleaning franchise",-,,0,-,,-,-,-,"not set",46,,0,"Organic,AI Overviews,Reviews,Knowledge panel,People also ask,Videos",,,Navigational,Navigational,28,10,0%,31,0
2026-06-15,2026-06-08,"window cleaner app",-,,0,-,,-,-,-,"not set",47,,0,"Organic,Discussions & Forums,AI Overviews,Reviews,People also ask,Videos",,,Navigational,Navigational,35,30,0%,,
2026-06-15,2026-06-08,"software for carpet cleaning business","Close Variants",,0,-,,-,-,-,"not set",31,,0,"Organic,AI Overviews,Reviews,People also ask,Videos",,,Commercial,Commercial,25,50,-71%,,
2026-06-15,2026-06-08,"commercial cleaning management software",-,,0,-,,-,-,-,"not set",30,,0,"Organic,Discussions & Forums,AI Overviews,Reviews,Videos",,,Commercial,Commercial,25,20,-71%,,
2026-06-15,2026-06-08,"app for window cleaners",-,,0,-,,-,-,-,"not set",41,,0,"Organic,Discussions & Forums,AI Overviews,Reviews,People also ask,Ads Bottom,Videos",,,"Commercial,Informational",Commercial,27,20,100%,,
2026-06-15,2026-06-08,"cleaning services estimates software",-,,0,-,,-,-,-,"not set",42,,0,"Organic,AI Overviews,Reviews,People also ask,Videos",,,Commercial,Commercial,28,10,-50%,,
2026-06-15,2026-06-08,"home care franchisor software",-,,0,-,,-,-,-,"not set",14,,0,"Organic,AI Overviews,Reviews,People also ask,Videos",,,Commercial,Commercial,24,10,0%,,
2026-06-15,2026-06-08,"dog grooming scheduling software",-,,0,-,,-,-,-,"not set",,,0,"Organic,Discussions & Forums,AI Overviews,Reviews,Videos",,,Commercial,Commercial,21,40,33%,,
2026-06-15,2026-06-08,"carpet cleaning scheduling software",-,,0,-,,-,-,-,"not set",34,,0,"Organic,AI Overviews,Reviews,People also ask,Videos",,,Commercial,Commercial,21,20,100%,,
2026-06-15,2026-06-08,"carpet cleaning management software",-,,0,-,,-,-,-,"not set",25,,0,"Organic,AI Overviews,Reviews,People also ask,Videos",,,Commercial,Commercial,22,20,-71%,,
2026-06-15,2026-06-08,"franchise sales companies",-,,0,-,,-,-,-,"not set",79,,0,"Organic,AI Overviews,Videos",,,Commercial,Commercial,27,10,0%,,
2026-06-15,2026-06-08,"franchise system definition",-,,0,-,,-,-,-,"not set",19,,0,"Organic,AI Overviews,Reviews,People also ask,Videos",,,Informational,Informational,35,10,0%,,
2026-06-15,2026-06-08,"royalty tracking software",-,,0,-,,-,-,-,"not set",27,,0,"Organic,Discussions & Forums,AI Overviews,Reviews,Videos",,,Commercial,Commercial,22,20,-33%,1,0
2026-06-15,2026-06-08,"carpet cleaning franchise opportunities",-,,0,-,,-,-,-,"not set",42,,0,"Organic,AI Overviews,Reviews,People also ask,Videos",,,"Commercial,Transactional","Commercial,Transactional",28,10,0%,67,0
2026-06-15,2026-06-08,"franchise development process",-,,0,-,,-,-,-,"not set",12,,0,"Organic,AI Overviews,Reviews,Knowledge panel,People also ask,Videos",,,"Informational,Transactional",Informational,22,10,0%,49,0
2026-06-15,2026-06-08,"linkedin franchise messages",-,,0,-,,-,-,-,"not set",49,,0,"Organic,Discussions & Forums,AI Overviews,People also ask,Videos",,,Navigational,Informational,32,10,0%,,
2026-06-15,2026-06-08,"cleaning business software",-,,0,-,,-,-,-,"not set",32,,0,"Organic,Filter by sidebar,Discussions & Forums,AI Overviews,Products,Reviews,Videos",,,Commercial,Commercial,31,880,-70%,37,0
2026-06-15,2026-06-08,"franchise marketing system",-,,0,-,,-,-,-,"not set",56,,0,"Organic,Reviews,People also ask,Sitelinks,Images,Videos",,,"Navigational,Informational","Navigational,Commercial",41,210,0%,,
2026-06-15,2026-06-08,"carpet cleaning service scheduling software",-,,0,-,,-,-,-,"not set",34,,0,"Organic,AI Overviews,Reviews,People also ask,Videos",,,Commercial,Commercial,25,10,0%,1,0
2026-06-15,2026-06-08,"franchise lead generation",-,,0,-,,-,-,-,"not set",40,,0,"Organic,Videos",,,Informational,Informational,29,70,-50%,,
2026-06-15,2026-06-08,"window cleaning scheduling software",-,,0,-,,-,-,-,"not set",26,,0,"Organic,Discussions & Forums,AI Overviews,Reviews,Videos",,,Commercial,Commercial,20,20,100%,40,0
2026-06-15,2026-06-08,"crm software for cleaning companies",-,,0,-,,-,-,-,"not set",,,0,"Organic,Discussions & Forums,AI Overviews,Reviews,People also ask,Videos",,,Commercial,Commercial,25,10,-50%,,
2026-06-15,2026-06-08,"carpet cleaning franchise cost",-,,0,-,,-,-,-,"not set",49,,0,"Organic,Discussions & Forums,AI Overviews,Reviews,People also ask,Videos",,,"Commercial,Transactional","Commercial,Transactional",26,10,0%,,
2026-06-15,2026-06-08,"royalty software","Close Variants",,0,-,,-,-,-,"not set",39,,0,"Organic,Discussions & Forums,AI Overviews,Reviews,Videos",,,Commercial,Commercial,34,40,0%,,
2026-06-15,2026-06-08,"accounting software for franchise",-,,0,-,,-,-,-,"not set",93,,0,"Organic,Discussions & Forums,AI Overviews,Reviews,People also ask,Videos",,,Commercial,Commercial,20,10,-96%,1,0
2026-06-15,2026-06-08,"franchise leads for franchisors",-,,0,-,,-,-,-,"not set",17,,0,"Organic,AI Overviews,People also ask,Videos",,,"Commercial,Informational",Commercial,21,10,0%,,
2026-06-15,2026-06-08,"carpet cleaning software quickbooks",-,,0,-,,-,-,-,"not set",41,,0,"Organic,AI Overviews,Reviews,People also ask,Videos",,,Commercial,Commercial,26,10,0%,,
2026-06-15,2026-06-08,"franchise lead generation companies",-,,0,-,,-,-,-,"not set",61,,0,"Organic,AI Overviews,People also ask,Videos",,,Commercial,Commercial,21,10,0%,,
2026-06-15,2026-06-08,"carpet cleaning bidding software","Close Variants",,0,-,,-,-,-,"not set",,,0,"Organic,AI Overviews,Reviews,People also ask,Videos",,,Commercial,Commercial,22,20,-71%,,
2026-06-15,2026-06-08,"mobile locker franchise",-,,0,-,,-,-,-,"not set",,,0,"Organic,AI Overviews,Videos",,,"Navigational,Informational",Informational,28,10,0%,,
2026-06-15,2026-06-08,"royalty accounting software",-,,0,-,,-,-,-,"not set",28,,0,"Organic,AI Overviews,Reviews,People also ask,Videos",,,Commercial,Commercial,27,40,-64%,,
2026-06-15,2026-06-08,"pet industry software",-,,0,-,,-,-,-,"not set",42,,0,"Organic,Discussions & Forums,AI Overviews,Reviews,Videos",,,Commercial,Commercial,33,10,-80%,,
2026-06-15,2026-06-08,"software for carpet cleaning","Close Variants",,0,-,,-,-,-,"not set",30,,0,"Organic,AI Overviews,Reviews,People also ask,Videos",,,Commercial,Commercial,29,70,-73%,,
2026-06-15,2026-06-08,"crm cleaning solution",-,,0,-,,-,-,-,"not set",,,0,"Organic,AI Overviews,Reviews,People also ask,Videos",,,Navigational,Navigational,25,10,0%,,
2026-06-15,2026-06-08,"pet grooming management system",-,,0,-,,-,-,-,"not set",46,,0,"Organic,AI Overviews,Reviews,Videos",,,"Informational,Commercial","Informational,Commercial",22,10,0%,,
2026-06-15,2026-06-08,"cleaning business management software",-,,0,-,,-,-,-,"not set",39,,0,"Organic,AI Overviews,Reviews,People also ask,Videos",,,Commercial,Commercial,33,170,-76%,,
2026-06-15,2026-06-08,"carpet cleaning business software","Close Variants",,0,-,,-,-,-,"not set",28,,0,"Organic,AI Overviews,Reviews,People also ask,Videos",,,Commercial,Commercial,31,50,-71%,3,0
2026-06-15,2026-06-08,"franchise brand","Close Variants",,0,-,,-,-,-,"not set",,,0,"Organic,AI Overviews,People also ask,Images,Videos",,,Navigational,Navigational,31,110,-35%,,
2026-06-15,2026-06-08,"best scheduling software for cleaning business",-,,0,-,,-,-,-,"not set",69,,0,"Organic,Discussions & Forums,AI Overviews,Reviews,People also ask,Videos",,,Commercial,Commercial,29,30,-82%,,
2026-06-15,2026-06-08,"mobile pet grooming software",-,,0,-,,-,-,-,"not set",,,0,"Organic,Discussions & Forums,AI Overviews,Reviews,People also ask,Videos,Local pack",,,Commercial,Commercial,27,20,100%,,
2026-06-15,2026-06-08,"software company franchise",-,,0,-,,-,-,-,"not set",35,,0,"Organic,Reviews,People also ask,Videos",,,Commercial,Commercial,22,10,0%,,
2026-06-15,2026-06-08,"grooming software","Close Variants",,0,-,,-,-,-,"not set",86,,0,"Organic,AI Overviews,Reviews,Videos",,,Commercial,Commercial,35,140,-46%,,
2026-06-15,2026-06-08,"pet grooming software","Close Variants",,0,-,,-,-,-,"not set",81,,0,"Organic,Discussions & Forums,Reviews,Videos",,,Commercial,Commercial,31,320,-56%,,
2026-06-15,2026-06-08,"jantize franchise reviews",-,,0,-,,-,-,-,"not set",,,0,"Organic,AI Overviews,Reviews,People also ask,Videos",,,Commercial,Commercial,24,10,-,,
2026-06-15,2026-06-08,"what are some advantages of franchising","Close Variants",,0,-,,-,-,-,"not set",30,,0,"Organic,AI Overviews,Reviews,People also ask,Videos",,,Informational,Informational,25,10,0%,,
2026-06-15,2026-06-08,"franchise app",-,,"X 23",-,23,-,-,-,"not set",17,,"X 3","Organic,AI Overviews,Reviews,People also ask,Videos",,,Informational,Navigational,33,20,-71%,31,0
2026-06-15,2026-06-08,"franchise marketing tools",-,,0,-,,-,-,-,"not set",17,,0,"Organic,AI Overviews,Videos",,,Commercial,Commercial,25,10,0%,61,0
2026-06-15,2026-06-08,"pet grooming software free",-,,0,-,,-,-,-,"not set",,,0,"Organic,Discussions & Forums,AI Overviews,Reviews,People also ask,Videos",,,Commercial,Commercial,24,10,0%,,
2026-06-15,2026-06-08,"home cleaning business software","Close Variants",,0,-,,-,-,-,"not set",35,,0,"Organic,Filter by sidebar,Discussions & Forums,Products,Reviews,People also ask,Videos",,,Commercial,Commercial,29,90,-81%,2,0
2026-06-15,2026-06-08,"pet grooming management software",-,,0,-,,-,-,-,"not set",19,,0,"Organic,Discussions & Forums,Reviews,Videos",,,Commercial,Commercial,26,10,0%,,
2026-06-15,2026-06-08,"dog training business software",-,,0,-,,-,-,-,"not set",,,0,"Organic,Discussions & Forums,AI Overviews,Reviews,People also ask,Videos",,,Commercial,Commercial,24,30,-25%,,
2026-06-15,2026-06-08,"carpet cleaning crm",-,,0,-,,-,-,-,"not set",35,,0,"Organic,AI Overviews,Reviews,People also ask,Videos",,,Commercial,Commercial,27,20,-78%,,
2026-06-15,2026-06-08,"chimney sweep scheduling software",-,,0,-,,-,-,-,"not set",54,,0,"Organic,AI Overviews,Reviews,Videos",,,Commercial,Commercial,19,20,100%,,
2026-06-15,2026-06-08,"crm for cleaning company",-,,0,-,,-,-,-,"not set",,,0,"Organic,AI Overviews,Reviews,People also ask,Videos",,,"Commercial,Informational","Commercial,Informational",24,30,50%,,
2026-06-15,2026-06-08,"pet grooming appointment software",-,,0,-,,-,-,-,"not set",,,0,"Organic,Discussions & Forums,AI Overviews,Reviews,Videos",,,Commercial,Commercial,23,10,0%,,
2026-06-15,2026-06-08,"software for groomers","Close Variants",,0,-,,-,-,-,"not set",,,0,"Organic,Discussions & Forums,AI Overviews,Reviews,Videos",,,Commercial,Commercial,22,140,-46%,,
2026-06-15,2026-06-08,"b2b franchises","Close Variants",,0,-,,-,-,-,"not set",,,0,"Organic,Discussions & Forums,Reviews,People also ask,Videos",,,"Informational,Commercial","Commercial,Informational",28,90,-36%,1,0
2026-06-15,2026-06-08,"air duct cleaning scheduling software","Close Variants",,0,-,,-,-,-,"not set",22,,0,"Organic,AI Overviews,Reviews,Videos",,,Commercial,Commercial,22,10,0%,,
2026-06-15,2026-06-08,"carpet cleaning franchises",-,,0,-,,-,-,-,"not set",,,0,"Organic,Reviews,People also ask,Videos",,,"Informational,Commercial","Commercial,Transactional",30,40,100%,,
2026-06-15,2026-06-08,"best crm for cleaning business",-,,0,-,,-,-,-,"not set",,,0,"Organic,Discussions & Forums,AI Overviews,Reviews,Videos",,,Commercial,Commercial,27,50,-29%,,
2026-06-15,2026-06-08,"best cleaning business software","Close Variants",,0,-,,-,-,-,"not set",22,,0,"Organic,Filter by sidebar,Discussions & Forums,AI Overviews,Products,Reviews,People also ask,Videos",,,Commercial,Commercial,36,170,-76%,,
2026-06-15,2026-06-08,"aplikasi franchise",-,,0,-,,-,-,-,"not set",5,,0,"Organic,AI Overviews,Reviews,People also ask,Videos",,,Commercial,Commercial,27,40,-64%,60,0
2026-06-15,2026-06-08,"software franchises","Close Variants",,"X 23",-,23,-,-,-,"not set",1,,"X 3","Organic,AI Overviews,Reviews,People also ask,Videos",,,Commercial,Commercial,23,140,-71%,50,0
2026-06-15,2026-06-08,"carpet franchise",-,,0,-,,-,-,-,"not set",88,,0,"Organic,AI Overviews,Reviews,People also ask,Videos",,,"Commercial,Informational","Commercial,Informational",24,10,0%,,
2026-06-15,2026-06-08,"home services marketing software",-,,0,-,,-,-,-,"not set",,,0,"Organic,AI Overviews,Reviews,Videos",,,Commercial,Commercial,31,70,-67%,,
2026-06-15,2026-06-08,"cleaning bidding software",-,,0,-,,-,-,-,"not set",,,0,"Organic,Discussions & Forums,AI Overviews,Reviews,People also ask,Videos",,,Commercial,Commercial,18,20,100%,,
2026-06-15,2026-06-08,"franchise sales lead generation","Close Variants",,0,-,,-,-,-,"not set",22,,0,"Organic,AI Overviews,Reviews,People also ask,Videos",,,"Commercial,Informational",Commercial,23,10,0%,,
2026-06-15,2026-06-08,"managed it service franchise",-,,0,-,,-,-,-,"not set",57,,0,"Organic,AI Overviews,Reviews,Videos",,,"Informational,Commercial","Informational,Commercial",20,10,-,,
2026-06-15,2026-06-08,"advantages of franchising your business",-,,0,-,,-,-,-,"not set",24,,0,"Organic,AI Overviews,Reviews,People also ask,Videos",,,Informational,Informational,27,10,0%,,
2026-06-15,2026-06-08,"brand franchise","Close Variants",,0,-,,-,-,-,"not set",57,,0,"Organic,AI Overviews,Reviews,People also ask,Images,Videos",,,"Informational,Commercial","Commercial,Informational",32,110,-35%,,
2026-06-15,2026-06-08,"what are the advantages of franchising to franchisors?",-,,0,-,,-,-,-,"not set",,,0,"Organic,AI Overviews,Reviews,People also ask,Videos",,,Informational,"Informational,Commercial",23,10,0%,,
2026-06-15,2026-06-08,"what's a franchise",-,,0,-,,-,-,-,"not set",60,,0,"Organic,AI Overviews,Reviews,People also ask,Images,Videos",,,"Informational,Navigational",Informational,44,8100,820%,,
2026-06-15,2026-06-08,"best franchise 2020",-,,0,-,,-,-,-,"not set",,,0,"Organic,Discussions & Forums,AI Overviews,People also ask,Videos",,,Commercial,Commercial,32,20,100%,,
2026-06-15,2026-06-08,"managed it franchise","Close Variants",,0,-,,-,-,-,"not set",36,,0,"Organic,Discussions & Forums,AI Overviews,Reviews,People also ask,Videos",,,"Informational,Commercial","Informational,Commercial",18,10,0%,,
2026-06-15,2026-06-08,"franchise social media management",-,,0,-,,-,-,-,"not set",14,,0,"Organic,AI Overviews,Reviews,Videos",,,"Commercial,Informational","Commercial,Informational",28,10,-86%,128,0
2026-06-15,2026-06-08,"franchise marketing systems reviews",-,,0,-,,-,-,-,"not set",80,,0,"Organic,AI Overviews,Reviews,Videos",,,Commercial,Commercial,28,50,67%,,
2026-06-15,2026-06-08,"scheduling software features",-,,0,-,,-,-,-,"not set",,,0,"Organic,AI Overviews,Reviews,Videos",,,Commercial,Commercial,34,20,-78%,1,0
2026-06-15,2026-06-08,"managed it services franchise",-,,0,-,,-,-,-,"not set",,,0,"Organic,Reviews,People also ask,Videos",,,Commercial,Commercial,19,30,0%,,
2026-06-15,2026-06-08,"brand one franchise",-,,0,-,,-,-,-,"not set",30,,0,"Organic,People also ask,Sitelinks,Images,Videos",,,Navigational,Navigational,30,30,200%,,
2026-06-15,2026-06-08,"franchise lead generation strategies","Close Variants",,0,-,,-,-,-,"not set",30,,0,"Organic,AI Overviews,Reviews,People also ask,Videos",,,"Commercial,Informational",Commercial,28,10,0%,,
2026-06-15,2026-06-08,"groomer software","Close Variants",,0,-,,-,-,-,"not set",,,0,"Organic,Reviews,Videos",,,Commercial,Commercial,23,140,-46%,,
2026-06-15,2026-06-08,"what is an advantage of franchising?","Close Variants",,0,-,,-,-,-,"not set",35,,0,"Organic,AI Overviews,Reviews,People also ask,Videos",,,Informational,Informational,21,10,0%,,
2026-06-15,2026-06-08,"software carpet cleaning","Close Variants",,0,-,,-,-,-,"not set",37,,0,"Organic,AI Overviews,Reviews,Videos",,,Commercial,Commercial,26,70,-73%,,
2026-06-15,2026-06-08,"canopy lms",-,,0,-,,-,-,-,"not set",,,0,"Organic,Reviews,People also ask,Videos",,,Commercial,Commercial,24,10,0%,,
2026-06-15,2026-06-08,"house cleaning software","Close Variants",,0,-,,-,-,-,"not set",,,0,"Organic,AI Overviews,Reviews,Videos",,,Commercial,Commercial,27,170,-71%,,
2026-06-15,2026-06-08,"groomers software","Close Variants",,0,-,,-,-,-,"not set",,,0,"Organic,AI Overviews,Reviews,People also ask,Videos,Local pack",,,Commercial,Commercial,23,140,-46%,,
2026-06-15,2026-06-08,"pet groomer software","Close Variants",,0,-,,-,-,-,"not set",98,,0,"Organic,Discussions & Forums,AI Overviews,Reviews,Videos",,,Commercial,Commercial,24,320,-56%,,
2026-06-15,2026-06-08,"home service management software",-,,0,-,,-,-,-,"not set",,,0,"Organic,AI Overviews,Reviews,People also ask,Videos",,,Commercial,Commercial,36,50,0%,,
2026-06-15,2026-06-08,"home service business software",-,,0,-,,-,-,-,"not set",,,0,"Organic,AI Overviews,Reviews,Videos",,,Commercial,Commercial,30,140,100%,,
2026-06-15,2026-06-08,"royalties software","Close Variants",,0,-,,-,-,-,"not set",31,,0,"Organic,Discussions & Forums,AI Overviews,Reviews,People also ask,Videos",,,Commercial,Commercial,26,40,0%,14,0
2026-06-15,2026-06-08,"gutter cleaning scheduling software","Close Variants",,0,-,,-,-,-,"not set",,,0,"Organic,AI Overviews,Reviews,People also ask,Videos",,,Commercial,Commercial,24,10,0%,,
2026-06-15,2026-06-08,"mobile pet grooming scheduling software",-,,0,-,,-,-,-,"not set",,,0,"Organic,Discussions & Forums,AI Overviews,Reviews,Videos",,,Commercial,Commercial,21,10,0%,,
2026-06-15,2026-06-08,"window cleaning invoicing software",-,,0,-,,-,-,-,"not set",,,0,"Organic,Discussions & Forums,AI Overviews,Reviews,People also ask,Videos",,,Commercial,Commercial,22,10,0%,,
2026-06-15,2026-06-08,"what is an advantage of franchises?",-,,0,-,,-,-,-,"not set",20,,0,"Organic,Reviews,Featured snippets paragraph,People also ask,Featured snippets,Videos",,,Informational,Informational,24,40,-43%,,
2026-06-15,2026-06-08,"house cleaning crm",-,,0,-,,-,-,-,"not set",,,0,"Organic,AI Overviews,Reviews,People also ask,Videos",,,"Commercial,Informational",Commercial,23,10,0%,,
2026-06-15,2026-06-08,"cleaning company management software",-,,0,-,,-,-,-,"not set",,,0,"Organic,Discussions & Forums,AI Overviews,Reviews,People also ask,Videos",,,Commercial,Commercial,24,30,-73%,,
2026-06-15,2026-06-08,"house cleaning service software","Close Variants",,0,-,,-,-,-,"not set",,,0,"Organic,AI Overviews,Reviews,Videos",,,Commercial,Commercial,24,170,-71%,,
2026-06-15,2026-06-08,"advantages to franchising","Close Variants",,0,-,,-,-,-,"not set",19,,0,"Organic,AI Overviews,Reviews,People also ask,Videos",,,Informational,Informational,25,1300,6400%,,
2026-06-15,2026-06-08,"franchise benefit solutions",-,,0,-,,-,-,-,"not set",,,0,"Organic,Reviews,Knowledge panel,People also ask,Sitelinks,Videos",,,Commercial,Commercial,30,40,300%,,
2026-06-15,2026-06-08,"dog groomer software",-,,0,-,,-,-,-,"not set",,,0,"Organic,Discussions & Forums,AI Overviews,Reviews,Videos,Local pack",,,Commercial,Commercial,21,260,-33%,,
2026-06-15,2026-06-08,"benefits to franchising","Close Variants",,0,-,,-,-,-,"not set",86,,0,"Organic,AI Overviews,Reviews,People also ask,Videos",,,Informational,Informational,24,1300,-55%,,
2026-06-15,2026-06-08,"brick crm software",-,,0,-,,-,-,-,"not set",,,0,"Organic,Reviews,People also ask,Videos",,,Commercial,Commercial,25,-,-,,
2026-06-15,2026-06-08,"residential cleaning company crm",-,,0,-,,-,-,-,"not set",,,0,"Organic,AI Overviews,Reviews,People also ask,Videos",,,Commercial,Commercial,23,10,-,,
2026-06-15,2026-06-08,"best software for cleaning business","Close Variants",,0,-,,-,-,-,"not set",34,,0,"Organic,Filter by sidebar,Discussions & Forums,AI Overviews,Products,Reviews,Videos",,,Commercial,Commercial,26,170,-76%,,
2026-06-15,2026-06-08,"starting a cleaning business",-,,0,-,,-,-,-,"not set",,,0,"Organic,AI Overviews,Reviews,People also ask,Videos",,,"Informational,Commercial",Informational,34,1300,-32%,,
2026-06-15,2026-06-08,"ai-powered franchise management software",-,,0,-,,-,-,-,"not set",1,,0,-,,,Commercial,Commercial,,-,-,11,0
2026-06-15,2026-06-08,"ai powered franchise management software",-,,0,-,,-,-,-,"not set",1,,0,-,,,Commercial,Commercial,,-,-,10,0
2026-06-15,2026-06-08,"ai franchise management software",-,,0,-,,-,-,-,"not set",1,,0,-,,,Commercial,Commercial,,-,-,10,0
2026-06-15,2026-06-08,"ai franchise management",-,,0,-,,-,-,-,"not set",,,0,-,,,Commercial,Commercial,,-,-,,
2026-06-15,2026-06-08,"ai-powered all-in-one franchise management software",-,,0,-,,-,-,-,"not set",2,,0,-,,,Commercial,Commercial,,-,-,7,0
2026-06-15,2026-06-08,"ai franchise software",-,,0,-,,-,-,-,"not set",3,,0,-,,,Commercial,Commercial,,-,-,19,0
2026-06-15,2026-06-08,"franchise management software with ai",-,,0,-,,-,-,-,"not set",1,,0,-,,,Commercial,Commercial,,-,-,8,0
2026-06-15,2026-06-08,"franchise ai software",-,,0,-,,-,-,-,"not set",3,,0,-,,,Commercial,Commercial,,-,-,7,0
2026-06-15,2026-06-08,"ai for franchise management",-,,0,-,,-,-,-,"not set",16,,0,-,,,"Commercial,Informational",Commercial,,-,-,1,0
2026-06-15,2026-06-08,"ai in franchising",-,,0,-,,-,-,-,"not set",,,0,-,,,Informational,Commercial,,-,-,,
2026-06-15,2026-06-08,"ai franchise crm",-,,0,-,,-,-,-,"not set",11,,0,-,,,Commercial,Commercial,,-,-,21,0
2026-06-15,2026-06-08,"ai-powered crm for franchises",-,,0,-,,-,-,-,"not set",17,,0,-,,,Commercial,Commercial,,-,-,6,0
2026-06-15,2026-06-08,"ai franchise sales software",-,,0,-,,-,-,-,"not set",2,,0,-,,,Commercial,Commercial,,-,-,1,0
2026-06-15,2026-06-08,"ai lead scoring for franchise sales",-,,0,-,,-,-,-,"not set",,,0,-,,,Informational,"Commercial,Informational",,-,-,,
2026-06-15,2026-06-08,"ai franchise sales assistant",-,,0,-,,-,-,-,"not set",1,,0,-,,,Commercial,Commercial,,-,-,4,0
2026-06-15,2026-06-08,"ai franchise onboarding software",-,,0,-,,-,-,-,"not set",1,,0,-,,,Commercial,Commercial,,-,-,6,0
2026-06-15,2026-06-08,"ai-powered lms",-,,0,-,,-,-,-,"not set",,,0,-,,,"Informational,Commercial","Informational,Commercial",,480,0%,,
2026-06-15,2026-06-08,"ai lms for franchise training",-,,0,-,,-,-,-,"not set",,,0,-,,,Commercial,Commercial,,-,-,,
2026-06-15,2026-06-08,"ai franchise dashboard",-,,0,-,,-,-,-,"not set",29,,0,-,,,Commercial,"Commercial,Informational",,-,-,1,0
2026-06-15,2026-06-08,"ai-powered intranet",-,,0,-,,-,-,-,"not set",,,0,-,,,Commercial,Commercial,,70,75%,,
2026-06-15,2026-06-08,"ai royalty management",-,,0,-,,-,-,-,"not set",,,0,-,,,Commercial,Informational,,-,-,,
2026-06-15,2026-06-08,"franchise automation software",-,,0,-,,-,-,-,"not set",2,,0,-,,,Commercial,Commercial,,-,-,15,0
2026-06-15,2026-06-08,"franchise sales automation",-,,0,-,,-,-,-,"not set",27,,0,-,,,Commercial,Commercial,,-,-,5,0
2026-06-15,2026-06-08,"ai franchise marketing software",-,,0,-,,-,-,-,"not set",8,,0,-,,,Commercial,Commercial,,-,-,4,0
2026-06-15,2026-06-08,"how does ai help manage a franchise",-,,0,-,,-,-,-,"not set",36,,0,-,,,"Commercial,Navigational","Commercial,Informational",,-,-,,
2026-06-15,2026-06-08,"best ai franchise management software",-,,0,-,,-,-,-,"not set",1,,0,-,,,Commercial,Commercial,,-,-,8,0
2026-06-15,2026-06-08,"what is ai-powered franchise software",-,,0,-,,-,-,-,"not set",8,,0,-,,,Commercial,Commercial,,-,-,3,0
2026-06-15,2026-06-08,"ai tools for franchisors",-,,0,-,,-,-,-,"not set",,,0,-,,,Commercial,Commercial,,-,-,,
2026-06-15,2026-06-08,"ai tools for franchisees",-,,0,-,,-,-,-,"not set",,,0,-,,,Commercial,Commercial,,-,-,,
2026-06-15,2026-06-08,"can ai manage a franchise",-,,0,-,,-,-,-,"not set",,,0,-,,,Commercial,"Commercial,Informational",,-,-,,
2026-06-15,2026-06-08,"brandwide ai",-,,0,-,,-,-,-,"not set",1,,0,-,,,Navigational,Navigational,,-,-,27,0
2026-06-15,2026-06-08,"brandwide ria",-,,0,-,,-,-,-,"not set",1,,0,-,,,Commercial,Commercial,,-,-,31,0
2026-06-15,2026-06-08,"ria franchise sales assistant",-,,0,-,,-,-,-,"not set",1,,0,-,,,Informational,Informational,,-,-,6,0
